"","cap.agg","CAP.regression.by.central.review","pathCR90Comp","path90","pathCR","SampleID","FinalCleanSeqs","RunID","SampleName","SampleType","RecordID","days.from.start","Timepoint","TimeCat1","TimeCat2","Arm","Sex","Age","modSmoker","modHistology","Location","Clinical.stage","Surgery","Death","Recurrence","OS.months","RFS.months","PC1","PC2","PC3","PC1.centroid","PC2.centroid"
"1","G0","G0","path90+CR+","1","PathCR 1","H0617",33872,"Run6.7","B16114.0048.02142018","Feces","MD043.006",0,"PreTX","first","first2","A","M",55,1,1,"esophagus","3A",1,1,1,42.36065574,35.40983607,0.397576198138557,-0.223657724294195,-0.14367445379172,0.0335447960618626,-0.0924069647969302
"2","G0","G0","path90+CR+","1","PathCR 1","H0601",42346,"Run6.7","B16114.0048.03012018","Feces","MD043.006",15,"OnTX","other","first2","A","M",55,1,1,"esophagus","3A",1,1,1,42.36065574,35.40983607,0.175252064195817,-0.264184452667965,0.00536706764240179,0.0335447960618626,-0.0924069647969302
"3","G0","G0","path90+CR+","1","PathCR 1","H0785",27695,"Run6.7","B16114.0036.11202017","Feces","MD043.003",32,"OnTX","other","first2","A","M",66,1,1,"esophagus","2B",1,0,0,47.96721311,47.96721311,-0.113537586257639,0.13603086602169,0.0456716535158974,0.0335447960618626,-0.0924069647969302
"4","G0","G0","path90+CR+","1","PathCR 1","H0793",25840,"Run6.7","B16114.0036.11032017","Feces","MD043.003",15,"OnTX","first","first2","A","M",66,1,1,"esophagus","2B",1,0,0,47.96721311,47.96721311,0.154531584814685,0.0391974477607916,0.0276188840014126,0.0335447960618626,-0.0924069647969302
"5","G0","G0","path90+CR+","1","PathCR 1","M0829",20724,"Run08","MD043.019.11202018","Feces","MD043.019",28,"OnTX","first","first2","B","M",61,1,1,"esophagus","3B",1,0,0,29.80327869,29.80327869,-0.0630066828386389,-0.071933428283783,-0.0543638619781824,0.0335447960618626,-0.0924069647969302
"6","G0","G0","path90+CR+","1","PathCR 1","H0757",14384,"Run6.7","B16114.0024.09072017","Feces","MD043.002",0,"PreTX","first","first2","A","M",63,0,1,"esophagus","2B",1,0,0,48.6557377,48.6557377,0.252587556993295,-0.107604151518865,0.0779124850171689,0.0335447960618626,-0.0924069647969302
"7","G0","G0","path90+CR+","1","PathCR 1","H0638",34872,"Run6.7","MD043.012.05182018","Feces","MD043.012",0,"PreTX","first","first2","A","M",71,1,1,"esophagus","3B",1,0,0,43.08196721,43.08196721,0.0966927981764759,-0.282583728184441,-0.0373355659181926,0.0335447960618626,-0.0924069647969302
"8","G0","G0","path90+CR+","1","PathCR 1","J0109",63523,"Run15","J1714.PA009.037.04012021","Feces","PA009.037",0,"PreTX","first","first2","B2","M",59,1,1,"esophagus","3A",1,0,0,7.573770492,7.573770492,-0.0330774279654041,-0.0529336059268391,0.239501919640506,0.0335447960618626,-0.0924069647969302
"9","G0","G0","path90+CR+","1","PathCR 1","J0126",65514,"Run15","J1714.PA009.037.04152021","Feces","PA009.037",14,"OnTX","other","first2","B2","M",59,1,1,"esophagus","3A",1,0,0,7.573770492,7.573770492,0.0141135916947341,-0.123922584270904,0.223324173688427,0.0335447960618626,-0.0924069647969302
"10","G0","G0","path90+CR+","1","PathCR 1","H0849",36851,"Run6.7","B16114.0047.03222018","Feces","MD043.007",28,"OnTX","other","first2","A","M",66,0,1,"esophagus","3B",1,0,0,43.7704918,43.7704918,-0.310048506900246,0.0689238799467768,0.189848522756767,0.0335447960618626,-0.0924069647969302
"11","G0","G0","path90+CR+","1","PathCR 1","H0682",37252,"Run6.7","MD043.015.07052018","Feces","MD043.015",0,"PreTX","first","first2","A","F",58,1,2,"esophagus","2A",1,0,0,39.44262295,39.44262295,0.12667801708835,-0.113428241066597,0.114056072154579,0.0335447960618626,-0.0924069647969302
"12","G0","G0","path90+CR+","1","PathCR 1","H0838",36795,"Run6.7","B16114.0047.03072018","Feces","MD043.007",13,"OnTX","first","first2","A","M",66,0,1,"esophagus","3B",1,0,0,43.7704918,43.7704918,-0.329276993516893,0.039788049236291,0.21168409639033,0.0335447960618626,-0.0924069647969302
"13","G0","G0","path90+CR+","1","PathCR 1","H0823",21656,"Run6.7","B16114.0024.09212017","Feces","MD043.002",14,"OnTX","other","first2","A","M",63,0,1,"esophagus","2B",1,0,0,48.6557377,48.6557377,0.256616164287097,-0.0972712468715697,0.0939270474746307,0.0335447960618626,-0.0924069647969302
"14","G0","G0","path90+CR+","1","PathCR 1","H0667",38023,"Run6.7","MD043.015.07192018","Feces","MD043.015",14,"OnTX","other","first2","A","F",58,1,2,"esophagus","2A",1,0,0,39.44262295,39.44262295,-0.0973556116939241,-0.126316140024334,0.058883070214225,0.0335447960618626,-0.0924069647969302
"15","G0","G0","path90+CR+","1","PathCR 1","H0689",35679,"Run6.7","MD043.012.05312018","Feces","MD043.012",13,"OnTX","other","first2","A","M",71,1,1,"esophagus","3B",1,0,0,43.08196721,43.08196721,-0.0245732252883264,-0.20620941181001,0.0385758964101118,0.0335447960618626,-0.0924069647969302
"16","G1-G3","G1","path90+CR-","1","PathCR 0","J0020",59109,"Run15","J1714.PA009.036.02052021","Feces","PA009.036",0,"PreTX","first","first2","B2","M",57,1,1,"esophagus","2B",1,0,0,9.049180328,9.049180328,-0.226387032625102,-0.371004609151374,-0.163737230450535,-0.017350756583722,0.0477967059294467
"17","G1-G3","G1","path90+CR-","1","PathCR 0","M0845",29933,"Run08","PA009.029.07312019","Feces","PA009.029",-2,"PreTX","first","first2","B","M",68,1,1,"esophagus","2B",1,0,0,27.47540984,27.47540984,-0.136729843386527,0.299976501239659,-0.393223256927896,-0.017350756583722,0.0477967059294467
"18","G1-G3","G1","path90+CR-","1","PathCR 0","H0613",22015,"Run6.7","B16114.0055.04112018","Feces","MD043.009",12,"OnTX","other","first2","A","M",64,1,1,"GEJ","2B",1,0,1,44.26229508,32.72131148,-0.144543998061627,0.190223462260459,-0.170497165881404,-0.017350756583722,0.0477967059294467
"19","G1-G3","G1","path90+CR-","1","PathCR 0","J0001",51354,"Run15","J1714.MD043.031.02042020","Feces","MD043.031",0,"PreTX","first","first2","B2","F",64,0,2,"esophagus","2B",1,0,0,18.6557377,18.6557377,-0.24653052991995,0.241406072825056,-0.0226743156944992,-0.017350756583722,0.0477967059294467
"20","G1-G3","G1","path90+CR-","1","PathCR 0","H0886",27895,"Run6.7","B16114.0055.03302018","Feces","MD043.009",0,"PreTX","first","first2","A","M",64,1,1,"GEJ","2B",1,0,1,44.26229508,32.72131148,-0.324677672827049,0.0683257775893173,0.151124354324496,-0.017350756583722,0.0477967059294467
"21","G1-G3","G1","path90+CR-","1","PathCR 0","H0684",40428,"Run6.7","MD043.014.07052018","Feces","MD043.014",14,"OnTX","other","first2","A","M",73,0,2,"esophagus","2A",1,1,1,10.68852459,7.803278689,-0.0914536270634243,-0.187499765804737,-0.0597863838993174,-0.017350756583722,0.0477967059294467
"22","G1-G3","G1","path90+CR-","1","PathCR 0","M0846",26693,"Run08","PA009.029.08232019","Feces","PA009.029",21,"OnTX","other","first2","B","M",68,1,1,"esophagus","2B",1,0,0,27.47540984,27.47540984,-0.108613067145195,0.284755512635224,-0.404445813669083,-0.017350756583722,0.0477967059294467
"23","G1-G3","G1","path90+CR-","1","PathCR 0","J0038",61203,"Run15","J1714.PA009.036.02182021","Feces","PA009.036",13,"OnTX","other","first2","B2","M",57,1,1,"esophagus","2B",1,0,0,9.049180328,9.049180328,-0.180611341904528,-0.430573572198879,-0.191527166320697,-0.017350756583722,0.0477967059294467
"24","G1-G3","G1","path90+CR-","1","PathCR 0","J0018",55282,"Run15","J1714.MD043.031.02182020","Feces","MD043.031",14,"OnTX","other","first2","B2","F",64,0,2,"esophagus","2B",1,0,0,18.6557377,18.6557377,-0.173155722237199,0.229758891020736,0.0631949999000583,-0.017350756583722,0.0477967059294467
"25","G1-G3","G1","path90+CR-","1","PathCR 0","H0736",28669,"Run6.7","MD043.014.06212018","Feces","MD043.014",0,"PreTX","first","first2","A","M",73,0,2,"esophagus","2A",1,1,1,10.68852459,7.803278689,-0.142620713255763,-0.139313051654725,-0.00384082563739832,-0.017350756583722,0.0477967059294467
"26","G1-G3","G1","path90+CR-","1","PathCR 0","M0831",31966,"Run08","MD043.022.12132018","Feces","MD043.022",28,"OnTX","other","first2","B","M",58,0,1,"GEJ","2A",1,0,1,33.86885246,24.68852459,0.370350342084536,0.0489264085817881,0.0322901529205411,-0.017350756583722,0.0477967059294467
"27","G1-G3","G1","path90+CR-","1","PathCR 0","M0830",34943,"Run08","MD043.022.11292018","Feces","MD043.022",14,"OnTX","first","first2","B","M",58,0,1,"GEJ","2A",1,0,1,33.86885246,24.68852459,0.00842739990661046,0.0488643504494405,0.215859484746429,-0.017350756583722,0.0477967059294467
"28","G1-G3","G2","path90-CR-","0","PathCR 0","H0846",9792,"Run6.7","B16114.0023.09072017","Feces","MD043.001",14,"OnTX","other","first2","A","M",56,0,1,"GEJ","3A",1,0,1,50.45901639,41.01639344,-0.0590287791667204,0.166043776217277,0.155547978491283,-0.017350756583722,0.0477967059294467
"29","G1-G3","G2","path90-CR-","0","PathCR 0","J0076",100074,"Run15","J1714.TX012.032.03042020","Feces","TX012.032",2,"OnTX","other","first2","B2","M",70,0,1,"GEJ","2A",1,0,0,21.7704918,21.7704918,-0.182410654133345,-0.144091257861131,-0.221722393986047,-0.017350756583722,0.0477967059294467
"30","G1-G3","G2","path90-CR-","0","PathCR 0","J0058",58093,"Run15","J1714.TX012.032.03022020","Feces","TX012.032",0,"PreTX","first","first2","B2","M",70,0,1,"GEJ","2A",1,0,0,21.7704918,21.7704918,-0.261314098633232,0.0614043766379922,-0.196300599634412,-0.017350756583722,0.0477967059294467
"31","G1-G3","G2","path90-CR-","0","PathCR 0","M0840",25597,"Run08","MD043.028.07122019","Feces","MD043.028",36,"OnTX","other","first2","B","M",65,1,1,"esophagus","2B",1,0,0,26.62295082,26.62295082,0.266396896212265,0.00296041824803318,0.0148555942848997,-0.017350756583722,0.0477967059294467
"32","G1-G3","G2","path90-CR-","0","PathCR 0","H0571",38751,"Run6.7","B16114.0059.05072018","Feces","MD043.010",-3,"PreTX","first","first2","A","M",71,0,1,"esophagus","2A",1,1,1,20.42622951,3.672131148,-0.0768424153375873,-0.38973997565078,-0.128097772279576,-0.017350756583722,0.0477967059294467
"33","G1-G3","G2","path90-CR-","0","PathCR 0","M0852",23053,"Run08","PA009.030.08062019","Feces","PA009.030",0,"PreTX","first","first2","B","M",71,0,1,"esophagus","3A",1,0,0,27.73770492,27.73770492,0.349698923682188,0.173645372288176,-0.0364834090746221,-0.017350756583722,0.0477967059294467
"34","G1-G3","G2","path90-CR-","0","PathCR 0","H0800",28519,"Run6.7","B16114.0023.08242017","Feces","MD043.001",0,"PreTX","first","first2","A","M",56,0,1,"GEJ","3A",1,0,1,50.45901639,41.01639344,0.258755875907202,0.112542597980554,0.095375919628268,-0.017350756583722,0.0477967059294467
"35","G1-G3","G2","path90-CR-","0","PathCR 0","J0054",162151,"Run15","J1714.MD043.035.01152021","Feces","MD043.035",0,"PreTX","first","first2","B2","M",70,0,1,"esophagus","3A",1,0,0,11.70491803,11.70491803,-0.18098275067524,0.210718230443585,0.0828217433156364,-0.017350756583722,0.0477967059294467
"36","G1-G3","G2","path90-CR-","0","PathCR 0","J0072",68337,"Run15","J1714.MD043.035.01292021","Feces","MD043.035",14,"OnTX","other","first2","B2","M",70,0,1,"esophagus","3A",1,0,0,11.70491803,11.70491803,-0.206649858772491,0.233322343272621,0.0585770409580019,-0.017350756583722,0.0477967059294467
"37","G1-G3","G2","path90-CR-","0","PathCR 0","H0618",27668,"Run6.7","B16114.0059.05232018","Feces","MD043.010",13,"OnTX","other","first2","A","M",71,0,1,"esophagus","2A",1,1,1,20.42622951,3.672131148,-0.0565919263951341,0.00992047413416703,0.0779927684631367,-0.017350756583722,0.0477967059294467
"38","G1-G3","G2","path90-CR-","0","PathCR 0","H0627",30469,"Run6.7","MD043.016.07182018","Feces","MD043.016",0,"PreTX","first","first2","A","M",59,0,1,"esophagus","2B",1,0,1,41.80327869,29.3442623,-0.0227987559741657,0.0696021733605186,0.167508019714226,-0.017350756583722,0.0477967059294467
"39","G1-G3","G2","path90-CR-","0","PathCR 0","J0003",62570,"Run15","J1714.MD043.039.07022021","Feces","MD043.039",0,"PreTX","first","first2","B2","M",65,0,1,"esophagus","3A",1,0,0,6.786885246,6.786885246,-0.0871771221557518,0.0804731274495788,-0.0191027909408227,-0.017350756583722,0.0477967059294467
"40","G1-G3","G2","path90-CR-","0","PathCR 0","M0839",36149,"Run08","MD043.028.06062019","Feces","MD043.028",0,"PreTX","first","first2","B","M",65,1,1,"esophagus","2B",1,0,0,26.62295082,26.62295082,-0.0607185964816611,-0.126679302081556,-0.0277937232540172,-0.017350756583722,0.0477967059294467
"41","G1-G3","G2","path90-CR-","0","PathCR 0","M0853",21364,"Run08","PA009.030.08262019","Feces","PA009.030",20,"OnTX","other","first2","B","M",71,0,1,"esophagus","3A",1,0,0,27.73770492,27.73770492,0.230219505069294,0.208154823321322,-0.0431132708887197,-0.017350756583722,0.0477967059294467
"42","G1-G3","G2","path90-CR-","0","PathCR 0","H0735",34526,"Run6.7","MD043.016","Feces","MD043.016",14,"OnTX","other","first2","A","M",59,0,1,"esophagus","2B",1,0,1,41.80327869,29.3442623,0.136917917636783,0.0333334615090105,0.121082401463868,-0.017350756583722,0.0477967059294467
"43","G1-G3","G3","path90-CR-","0","PathCR 0","M0837",21931,"Run08","MD043.027.06132019","Feces","MD043.027",14,"OnTX","other","first2","B","M",68,1,1,"GEJ","2B",1,0,0,31.83606557,31.83606557,0.407059495417674,0.216195855584445,-0.132167828700179,-0.017350756583722,0.0477967059294467
"44","G1-G3","G3","path90-CR-","0","PathCR 0","M0836",20899,"Run08","MD043.027.05302019","Feces","MD043.027",0,"PreTX","first","first2","B","M",68,1,1,"GEJ","2B",1,0,0,31.83606557,31.83606557,0.438840209307202,0.184451999308174,-0.112713518189982,-0.017350756583722,0.0477967059294467
